,host_since
0,2019-01-15
1,2014-11-13
2,2020-06-05
3,2015-08-05
4,2011-06-07
5,2013-05-03
6,2014-04-28
7,2015-01-04
8,2014-08-31
9,2013-06-24
10,2016-10-16
11,2016-12-20
12,2015-09-20
13,2015-09-20
14,2015-05-28
15,2023-05-25
16,2016-01-04
17,2020-11-19
18,2020-11-19
19,2019-02-16
20,2020-06-05
21,2014-11-13
22,2014-11-13
23,2015-06-04
24,2020-12-30
25,2021-01-26
26,2021-02-21
27,2021-06-14
28,2014-07-01
29,2022-04-13
30,2022-06-25
31,2015-11-27
32,2010-12-12
33,2017-03-25
34,2016-05-20
35,2014-08-12
36,2016-12-29
37,2018-07-30
38,2013-06-06
39,2023-03-14
40,2015-09-03
41,2022-02-19
42,2024-06-05
43,2013-06-24
44,2023-10-17
45,2021-10-07
46,2022-04-05
47,2023-07-12
48,2017-01-31
49,2017-05-03
50,2015-05-09
51,2019-10-12
52,2018-07-30
53,2014-11-13
54,2014-11-13
55,2014-11-13
56,2015-04-29
57,2018-05-23
58,2020-12-10
59,2019-12-09
60,2021-06-24
61,2015-05-28
62,2017-10-31
63,2011-06-07
64,2021-12-21
65,2021-11-29
66,2021-07-05
67,2021-11-29
68,2013-09-12
69,2019-04-01
70,2022-04-05
71,2022-04-13
72,2018-02-22
73,2022-06-22
74,2019-08-12
75,2022-05-17
76,2023-05-25
77,2016-01-21
78,2021-01-26
79,2022-09-14
80,2017-11-28
81,2021-12-25
82,2019-01-01
83,2017-05-03
84,2019-07-19
85,2015-04-29
86,2023-04-19
87,2023-03-20
88,2017-05-24
89,2015-05-28
90,2017-02-13
91,2023-02-08
92,2018-09-09
93,2022-12-29
94,2015-11-26
95,2015-12-16
96,2014-05-03
97,2017-09-12
98,2013-08-25
99,2012-10-20
100,2015-06-17
101,2015-06-18
102,2014-02-13
103,2015-11-28
104,2013-06-06
105,2015-05-28
106,2014-07-09
107,2015-05-28
108,2015-05-28
109,2014-11-20
110,2012-07-11
111,2023-05-25
112,2017-08-06
113,2011-09-15
114,2016-02-17
115,2018-04-05
116,2017-10-13
117,2014-06-27
118,2016-10-08
119,2020-11-19
120,2018-05-23
121,2017-09-15
122,2013-10-27
123,2015-03-08
124,2022-10-10
125,2021-01-11
126,2021-01-26
127,2023-02-15
128,2013-11-14
129,2022-10-14
130,2023-05-25
131,2016-11-06
132,2023-04-19
133,2019-12-21
134,2023-10-06
135,2016-02-08
136,2023-10-25
137,2018-02-14
138,2015-07-14
139,2023-11-20
140,2016-11-06
141,2018-12-27
142,2023-05-25
143,2012-08-28
144,2021-10-26
145,2023-02-15
146,2015-06-24
147,2018-07-19
148,2016-11-06
149,2013-06-15
150,2024-04-25
151,2020-08-04
152,2022-12-29
153,2017-10-31
154,2019-11-21
155,2023-06-05
156,2015-01-14
157,2015-06-19
158,2019-01-03
159,2015-04-29
160,2016-04-20
161,2016-11-06
162,2016-11-06
163,2016-10-11
164,2016-11-06
165,2019-09-16
166,2024-07-12
167,2024-08-20
168,2024-08-20
169,2015-09-30
170,2023-03-20
171,2024-07-09
172,2024-10-09
173,2014-06-16
174,2023-04-29
175,2015-03-17
176,2018-09-27
177,2023-09-25
178,2021-07-23
179,2023-08-07
180,2019-06-16
181,2019-06-16
182,2024-07-12
183,2019-04-01
184,2023-06-22
185,2014-08-12
186,2019-08-07
187,2022-10-12
188,2016-02-17
189,2014-06-16
190,2013-05-02
191,2022-03-14
192,2021-04-26
193,2015-03-17
194,2014-11-13
195,2013-06-23
196,2016-05-16
197,2022-05-23
198,2022-07-01
199,2013-05-03
200,2021-11-29
201,2020-01-24
202,2013-11-14
203,2014-11-13
204,2022-09-02
205,2013-10-27
206,2016-10-11
207,2016-01-11
208,2022-09-19
209,2022-06-13
210,2018-06-05
211,2016-07-18
212,2012-08-21
213,2014-11-13
214,2022-04-13
215,2018-06-05
216,2017-05-03
217,2023-07-19
218,2015-03-04
219,2014-11-13
220,2015-04-14
221,2017-07-27
222,2014-04-03
223,2023-05-16
224,2019-09-23
225,2013-01-05
226,2018-04-22
227,2015-09-20
228,2020-05-31
229,2024-02-27
230,2024-02-27
231,2024-02-27
232,2019-10-07
233,2017-07-25
234,2018-04-18
235,2021-09-06
236,2015-04-29
237,2019-05-28
238,2019-06-16
239,2015-04-07
240,2016-12-31
241,2014-02-20
242,2023-04-03
243,2016-11-06
244,2020-07-20
245,2016-06-27
246,2015-12-03
247,2024-02-27
248,2016-05-29
249,2024-08-28
250,2021-12-09
251,2014-02-19
252,2022-06-13
253,2013-07-25
254,2018-02-27
255,2019-06-16
256,2020-05-31
257,2015-07-14
258,2024-06-03
259,2017-07-16
260,2015-07-14
261,2013-01-05
262,2019-12-21
263,2023-07-19
264,2015-01-09
265,2017-07-31
266,2015-08-27
267,2015-08-06
268,2018-07-10
269,2019-07-06
270,2019-07-06
271,2014-11-13
272,2018-02-25
273,2018-06-05
274,2017-05-03
275,2017-05-03
276,2018-04-23
277,2019-05-19
278,2019-07-16
279,2015-02-23
280,2015-06-14
281,2020-11-19
282,2018-06-05
283,2015-08-06
284,2019-07-28
285,2019-07-31
286,2017-05-28
287,2019-08-12
288,2015-03-04
289,2022-08-09
290,2016-06-04
291,2019-06-16
292,2018-06-20
293,2015-05-09
294,2017-01-22
295,2019-09-24
296,2023-05-25
297,2015-03-24
298,2019-03-13
299,2019-09-23
300,2017-07-16
301,2019-05-28
302,2016-12-30
303,2017-10-30
304,2019-11-04
305,2016-10-08
306,2016-10-08
307,2015-06-14
308,2019-11-22
309,2019-11-26
310,2019-12-07
311,2016-07-30
312,2018-01-14
313,2015-02-24
314,2015-07-14
315,2012-12-18
316,2015-07-14
317,2020-01-12
318,2015-07-14
319,2020-11-19
320,2020-11-19
321,2022-04-05
322,2020-11-19
323,2020-11-19
324,2015-03-17
325,2020-02-18
326,2020-02-18
327,2020-02-18
328,2020-02-18
329,2020-02-18
330,2020-02-18
331,2020-02-18
332,2020-02-18
333,2017-02-26
334,2019-08-24
335,2019-08-24
336,2014-11-13
337,2013-01-09
338,2014-11-13
339,2014-11-13
340,2018-09-09
341,2015-03-21
342,2020-02-18
343,2020-02-18
344,2020-02-18
345,2018-07-21
346,2020-02-18
347,2015-03-04
348,2015-05-27
349,2017-08-07
350,2014-11-13
351,2014-11-13
352,2014-11-13
353,2014-11-13
354,2020-05-31
355,2020-05-31
356,2020-05-31
357,2020-05-31
358,2020-05-31
359,2020-05-31
360,2020-05-31
361,2020-05-31
362,2020-06-05
363,2019-07-21
364,2020-06-05
365,2020-06-05
366,2020-06-05
367,2022-07-01
368,2018-07-21
369,2020-07-10
370,2014-11-13
371,2014-11-13
372,2014-11-13
373,2014-11-13
374,2017-06-12
375,2018-07-30
376,2014-11-13
377,2014-11-13
378,2016-09-13
379,2022-04-05
380,2022-09-14
381,2014-10-28
382,2022-10-16
383,2022-10-17
384,2021-10-23
385,2022-04-05
386,2016-07-25
387,2019-08-02
388,2022-11-23
389,2022-11-24
390,2014-11-13
391,2022-11-24
392,2022-11-24
393,2021-11-22
394,2022-01-23
395,2014-11-13
396,2014-11-13
397,2014-11-13
398,2018-07-30
399,2022-09-02
400,2021-06-05
401,2023-03-06
402,2023-03-20
403,2014-11-13
404,2014-11-13
405,2013-11-26
406,2014-11-13
407,2015-07-18
408,2014-11-13
409,2014-12-01
410,2023-09-10
411,2017-01-22
412,2023-10-05
413,2023-10-12
414,2014-11-13
415,2014-11-13
416,2023-10-25
417,2021-01-14
418,2014-08-12
419,2015-08-16
420,2023-12-06
421,2015-06-19
422,2014-08-12
423,2014-11-13
424,2019-08-05
425,2014-11-13
426,2014-11-13
427,2016-11-06
428,2024-03-28
429,2024-02-27
430,2016-11-06
431,2017-04-30
432,2022-10-03
433,2019-08-12
434,2016-06-20
435,2015-06-19
436,2016-01-21
437,2015-04-29
438,2023-06-19
439,2021-12-25
440,2019-05-02
441,2018-07-08
442,2023-09-18
443,2012-10-29
444,2019-05-15
445,2021-04-26
446,2024-08-02
447,2020-06-25
448,2024-08-17
449,2017-09-12
450,2012-11-29
451,2019-04-07
452,2023-02-15
453,2023-02-15
454,2015-05-31
455,2018-10-14
456,2022-09-14
457,2019-09-20
458,2019-09-20
459,2016-02-15
460,2022-10-03
461,2023-02-07
462,2023-05-23
463,2016-02-15
464,2014-08-12
465,2015-07-14
466,2019-09-18
467,2019-12-21
468,2023-07-19
469,2016-10-08
470,2013-08-27
471,2022-05-09
472,2018-07-30
473,2022-02-26
474,2015-05-11
475,2015-12-31
476,2015-05-28
477,2019-12-21
478,2014-11-13
479,2016-02-15
480,2022-09-13
481,2014-08-12
482,2014-11-13
483,2014-08-12
484,2023-02-01
485,2011-07-29
486,2022-06-09
487,2021-05-05
488,2019-10-07
489,2023-07-09
490,2020-01-27
491,2023-02-15
492,2017-02-11
493,2016-02-04
494,2022-06-17
495,2017-08-15
496,2016-07-18
497,2015-07-04
498,2013-10-27
499,2021-10-01
500,2019-12-21
501,2019-06-24
502,2019-04-26
503,2024-05-05
504,2015-06-17
505,2022-04-07
506,2014-11-13
507,2022-01-28
508,2020-05-31
509,2023-02-07
510,2022-10-17
511,2016-11-06
512,2021-01-26
513,2015-06-19
514,2022-03-07
515,2023-07-19
516,2014-11-13
517,2018-07-30
518,2021-06-29
519,2015-08-16
520,2014-11-13
521,2020-08-05
522,2019-09-11
523,2022-06-20
524,2023-06-19
525,2015-03-04
526,2016-02-04
527,2019-05-10
528,2023-02-15
529,2013-02-20
530,2023-03-20
531,2022-10-22
532,2015-05-28
533,2021-04-26
534,2014-11-13
535,2022-06-17
536,2022-06-17
537,2022-12-29
538,2022-09-13
539,2018-04-23
540,2023-05-16
541,2023-05-16
542,2021-12-09
543,2013-04-23
544,2013-09-07
545,2014-08-12
546,2013-02-15
547,2014-05-12
548,2017-05-31
549,2014-04-22
550,2014-06-25
551,2013-05-01
552,2014-04-22
553,2013-05-04
554,2015-05-28
555,2015-05-28
556,2015-05-28
557,2016-01-15
558,2015-05-28
559,2015-05-17
560,2018-12-28
561,2015-05-28
562,2015-05-28
563,2016-09-01
564,2016-10-17
565,2014-07-09
566,2023-05-25
567,2014-10-26
568,2016-09-13
569,2016-08-01
570,2013-09-15
571,2017-06-02
572,2015-07-27
573,2017-07-03
574,2017-09-21
575,2017-03-25
576,2015-08-05
577,2018-01-10
578,2016-09-17
579,2023-05-25
580,2014-08-25
581,2018-06-05
582,2018-07-30
583,2013-10-31
584,2016-07-28
585,2016-05-03
586,2023-05-25
587,2015-05-28
588,2018-12-03
589,2013-10-28
590,2016-01-21
591,2017-10-30
592,2016-07-28
593,2014-11-09
594,2019-06-11
595,2019-05-28
596,2014-08-12
597,2017-05-03
598,2018-04-23
599,2015-09-12
600,2015-08-27
601,2019-03-03
602,2015-07-14
603,2015-07-14
604,2020-11-19
605,2015-08-06
606,2020-02-18
607,2017-08-15
608,2014-11-13
609,2020-02-18
610,2020-02-18
611,2020-02-18
612,2011-10-10
613,2014-11-13
614,2014-11-13
615,2020-05-31
616,2020-05-31
617,2016-01-12
618,2020-05-31
619,2020-06-05
620,2014-11-13
621,2014-11-13
622,2020-07-02
623,2014-11-13
624,2016-02-16
625,2014-06-06
626,2014-11-13
627,2017-06-12
628,2014-11-13
629,2019-08-12
630,2012-08-28
631,2019-06-16
632,2020-09-29
633,2020-11-19
634,2020-10-12
635,2020-10-12
636,2020-06-06
637,2021-01-26
638,2021-01-26
639,2021-01-26
640,2021-01-26
641,2021-01-26
642,2021-01-26
643,2021-01-26
644,2021-01-26
645,2014-08-12
646,2021-05-05
647,2021-05-05
648,2021-05-05
649,2021-05-05
650,2021-05-13
651,2021-05-26
652,2014-08-12
653,2018-06-05
654,2015-12-26
655,2017-12-03
656,2018-12-28
657,2023-02-01
658,2019-05-19
659,2021-01-26
660,2015-08-05
661,2018-10-09
662,2016-08-19
663,2015-03-04
664,2019-03-31
665,2018-06-05
666,2020-12-10
667,2017-09-12
668,2017-09-12
669,2015-09-01
670,2014-08-12
671,2018-07-30
672,2015-12-01
673,2018-08-08
674,2019-03-03
675,2015-12-06
676,2015-06-17
677,2022-03-29
678,2022-04-01
679,2016-03-24
680,2022-04-13
681,2021-05-31
682,2018-03-20
683,2015-09-30
684,2014-08-12
685,2019-05-22
686,2017-07-19
687,2014-08-12
688,2014-08-12
689,2022-05-11
690,2014-08-14
691,2015-05-28
692,2017-01-09
693,2016-04-19
694,2022-07-19
695,2022-06-13
696,2019-12-02
697,2015-07-14
698,2022-05-11
699,2021-07-28
700,2022-08-31
701,2018-07-30
702,2022-09-08
703,2022-04-05
704,2022-04-05
705,2022-08-19
706,2022-10-26
707,2018-04-10
708,2015-03-04
709,2022-11-14
710,2022-11-30
711,2016-02-16
712,2018-02-22
713,2021-11-29
714,2018-02-22
715,2015-03-01
716,2020-08-04
717,2022-05-25
718,2017-10-01
719,2023-02-04
720,2015-02-07
721,2019-03-31
722,2015-09-03
723,2014-10-08
724,2022-07-19
725,2023-03-22
726,2023-04-03
727,2015-07-27
728,2014-08-12
729,2023-02-19
730,2017-11-23
731,2023-04-18
732,2017-06-29
733,2021-03-21
734,2023-07-31
735,2023-10-25
736,2019-12-21
737,2014-11-13
738,2014-11-13
739,2014-11-13
740,2018-03-20
741,2015-04-29
742,2015-08-05
743,2015-09-28
744,2020-08-04
745,2014-06-25
746,2020-12-10
747,2014-11-13
748,2014-11-13
749,2017-12-19
750,2019-06-16
751,2019-06-16
752,2019-06-16
753,2019-06-16
754,2019-06-16
755,2019-06-16
756,2019-01-15
757,2019-06-16
758,2020-09-02
759,2018-05-23
760,2017-10-31
761,2019-06-16
762,2019-04-20
763,2012-01-24
764,2015-07-04
765,2020-10-12
766,2020-10-12
767,2020-10-12
768,2012-01-24
769,2014-08-12
770,2015-07-18
771,2020-10-12
772,2015-07-28
773,2015-06-19
774,2014-08-08
775,2020-12-10
776,2015-12-19
777,2015-10-18
778,2021-01-12
779,2013-05-04
780,2017-10-31
781,2021-01-26
782,2021-01-26
783,2021-01-26
784,2021-01-26
785,2021-01-26
786,2021-01-26
787,2021-01-26
788,2021-01-26
789,2021-01-26
790,2021-01-26
791,2021-01-26
792,2021-01-26
793,2021-01-26
794,2021-01-26
795,2021-01-26
796,2021-01-26
797,2021-01-26
798,2021-01-26
799,2021-01-26
800,2019-01-15
801,2013-10-27
802,2021-03-10
803,2016-07-29
804,2015-12-19
805,2014-08-12
806,2017-10-24
807,2013-05-03
808,2021-05-05
809,2021-05-05
810,2021-05-05
811,2021-05-05
812,2016-09-25
813,2021-05-05
814,2021-05-05
815,2021-05-05
816,2021-05-05
817,2021-05-05
818,2021-05-05
819,2021-05-13
820,2021-05-13
821,2019-05-01
822,2019-10-07
823,2014-08-12
824,2016-01-21
825,2013-10-27
826,2019-10-07
827,2017-08-15
828,2012-06-27
829,2020-02-18
830,2021-06-14
831,2016-05-25
832,2018-10-09
833,2021-06-24
834,2021-02-15
835,2015-11-09
836,2019-07-27
837,2018-01-04
838,2015-12-14
839,2018-03-31
840,2021-06-29
841,2021-07-01
842,2014-08-12
843,2020-08-04
844,2020-08-04
845,2023-05-25
846,2018-08-18
847,2021-07-06
848,2018-01-07
849,2021-06-24
850,2023-05-25
851,2015-11-09
852,2015-11-09
853,2020-11-10
854,2019-06-16
855,2018-08-07
856,2018-03-03
857,2021-07-17
858,2012-09-07
859,2019-06-16
860,2020-12-10
861,2018-06-26
862,2014-11-09
863,2019-07-23
864,2014-08-12
865,2016-02-04
866,2021-01-26
867,2021-08-23
868,2016-02-07
869,2018-10-03
870,2023-05-25
871,2018-01-05
872,2017-09-12
873,2023-05-25
874,2015-09-20
875,2021-06-29
876,2016-01-21
877,2014-05-29
878,2018-07-30
879,2023-05-25
880,2018-07-30
881,2014-07-11
882,2017-10-06
883,2014-05-01
884,2015-02-04
885,2017-09-12
886,2013-08-25
887,2018-07-30
888,2021-08-14
889,2013-10-27
890,2023-05-25
891,2021-11-21
892,2016-03-24
893,2016-02-14
894,2017-11-30
895,2022-07-05
896,2021-11-29
897,2021-11-29
898,2017-09-18
899,2021-10-01
900,2019-07-08
901,2017-07-19
902,2021-11-29
903,2015-10-21
904,2021-12-09
905,2021-11-29
906,2015-06-30
907,2015-03-04
908,2022-06-17
909,2021-11-29
910,2015-10-18
911,2016-11-14
912,2022-01-24
913,2021-11-15
914,2017-09-15
915,2015-11-15
916,2022-01-23
917,2022-01-23
918,2021-11-29
919,2022-01-26
920,2017-09-08
921,2021-11-29
922,2022-05-11
923,2016-10-11
924,2014-08-12
925,2014-08-12
926,2012-03-15
927,2019-10-07
928,2016-03-28
929,2016-03-03
930,2022-02-18
931,2013-02-06
932,2014-08-15
933,2018-08-08
934,2015-03-01
935,2018-08-08
936,2013-05-02
937,2014-08-12
938,2019-08-12
939,2018-08-08
940,2022-03-09
941,2022-03-09
942,2022-03-09
943,2022-03-09
944,2022-03-09
945,2022-03-09
946,2022-03-09
947,2022-05-11
948,2022-03-09
949,2022-03-11
950,2015-05-28
951,2014-08-12
952,2016-03-09
953,2019-03-03
954,2019-03-03
955,2018-08-08
956,2014-08-12
957,2018-08-08
958,2022-03-17
959,2018-03-20
960,2018-06-05
961,2015-07-27
962,2022-03-21
963,2015-08-16
964,2019-09-16
965,2018-01-16
966,2014-04-29
967,2022-04-05
968,2015-06-04
969,2022-04-01
970,2021-05-13
971,2016-03-03
972,2020-03-19
973,2014-08-12
974,2022-04-13
975,2022-04-13
976,2022-04-13
977,2022-04-13
978,2022-04-13
979,2018-07-30
980,2022-04-21
981,2019-07-19
982,2022-04-13
983,2022-04-29
984,2017-01-07
985,2020-04-21
986,2022-05-12
987,2019-07-29
988,2017-12-09
989,2019-12-20
990,2022-04-11
991,2022-04-11
992,2015-08-27
993,2019-06-16
994,2019-06-16
995,2015-06-17
996,2018-07-30
997,2019-01-15
998,2015-03-17
999,2022-06-08
1000,2018-04-11
1001,2014-10-06
1002,2013-10-27
1003,2015-08-27
1004,2022-01-24
1005,2019-05-19
1006,2022-04-11
1007,2016-05-17
1008,2023-09-02
1009,2017-02-13
1010,2014-05-17
1011,2017-10-31
1012,2016-10-11
1013,2023-10-08
1014,2019-08-12
1015,2014-08-12
1016,2018-05-23
1017,2023-02-10
1018,2019-08-12
1019,2015-05-28
1020,2022-06-13
1021,2024-05-06
1022,2015-05-28
1023,2018-07-30
1024,2022-04-11
1025,2014-08-12
1026,2020-01-28
1027,2016-11-21
1028,2019-07-21
1029,2015-01-15
1030,2019-01-21
1031,2021-09-01
1032,2017-06-12
1033,2019-05-07
1034,2013-07-02
1035,2022-05-11
1036,2020-05-31
1037,2015-04-08
1038,2015-05-28
1039,2023-05-25
1040,2015-05-28
1041,2020-02-18
1042,2019-12-21
1043,2015-02-06
1044,2013-06-19
1045,2023-05-17
1046,2020-08-04
1047,2021-01-12
1048,2013-05-03
1049,2016-04-01
1050,2022-10-14
1051,2016-09-13
1052,2015-05-24
1053,2015-10-18
1054,2022-09-02
1055,2012-07-19
1056,2017-06-25
1057,2015-05-28
1058,2014-08-12
1059,2015-06-14
1060,2019-01-15
1061,2022-03-07
1062,2013-01-05
1063,2019-10-07
1064,2016-03-03
1065,2019-01-15
1066,2015-05-28
1067,2014-06-02
1068,2015-10-18
1069,2022-05-11
1070,2022-10-17
1071,2019-10-07
1072,2016-08-21
1073,2015-08-06
1074,2016-09-17
1075,2021-12-16
1076,2017-11-28
1077,2022-04-05
1078,2014-11-13
1079,2022-09-02
1080,2016-06-20
1081,2021-04-26
1082,2020-08-04
1083,2021-10-07
1084,2018-07-30
1085,2017-01-07
1086,2018-10-07
1087,2016-09-08
1088,2016-06-17
1089,2019-06-16
1090,2022-01-11
1091,2024-02-27
1092,2016-01-06
1093,2012-11-29
1094,2018-07-30
1095,2018-05-11
1096,2020-08-04
1097,2015-05-28
1098,2020-06-06
1099,2021-12-09
1100,2022-04-05
1101,2023-02-15
1102,2020-10-12
1103,2012-01-24
1104,2019-05-10
1105,2014-06-15
1106,2019-05-10
1107,2023-02-15
1108,2015-02-06
1109,2017-11-28
1110,2021-12-12
1111,2015-09-03
1112,2016-03-01
1113,2018-07-26
1114,2018-01-01
1115,2015-03-04
1116,2015-05-09
1117,2013-07-12
1118,2021-10-07
1119,2016-12-25
1120,2023-01-08
1121,2018-08-10
1122,2015-12-31
1123,2015-05-28
1124,2014-06-16
1125,2015-05-28
1126,2015-08-05
1127,2015-06-19
1128,2023-04-29
1129,2020-08-08
1130,2018-08-30
1131,2017-10-31
1132,2023-09-18
1133,2018-06-14
1134,2018-03-16
1135,2017-07-16
1136,2022-10-02
1137,2024-01-26
1138,2016-06-06
1139,2014-11-13
1140,2023-07-19
1141,2014-11-13
1142,2023-03-21
1143,2014-11-13
1144,2022-06-17
1145,2022-06-17
1146,2014-11-13
1147,2015-09-02
1148,2022-06-17
1149,2022-06-17
1150,2022-06-17
1151,2014-11-13
1152,2014-11-13
1153,2014-11-13
1154,2014-11-13
1155,2015-02-16
1156,2022-06-17
1157,2020-10-10
1158,2023-05-16
1159,2017-09-12
1160,2023-05-05
1161,2013-04-20
1162,2023-02-01
1163,2021-05-05
1164,2018-09-22
1165,2019-01-15
1166,2021-05-05
1167,2022-04-13
1168,2018-12-04
1169,2023-08-02
1170,2018-05-05
1171,2023-05-16
1172,2023-05-16
1173,2023-05-16
1174,2023-05-16
1175,2023-05-16
1176,2018-05-10
1177,2023-05-16
1178,2023-05-16
1179,2022-05-13
1180,2021-12-09
1181,2023-05-16
1182,2019-07-06
1183,2011-08-12
1184,2012-02-17
1185,2012-02-17
1186,2012-04-24
1187,2011-06-07
1188,2013-01-05
1189,2013-03-17
1190,2013-07-19
1191,2013-04-28
1192,2013-09-09
1193,2013-09-07
1194,2013-11-23
1195,2013-09-09
1196,2012-07-08
1197,2013-06-09
1198,2014-04-01
1199,2014-04-15
1200,2014-04-17
1201,2014-04-22
1202,2016-02-15
1203,2013-06-06
1204,2014-05-12
1205,2012-01-24
1206,2013-09-07
1207,2013-04-20
1208,2014-06-26
1209,2014-03-04
1210,2012-01-24
1211,2014-08-08
1212,2014-06-02
1213,2013-05-03
1214,2012-10-09
1215,2014-04-22
1216,2018-08-20
1217,2012-01-24
1218,2014-04-24
1219,2015-02-23
1220,2013-06-09
1221,2013-04-03
1222,2013-05-03
1223,2019-07-22
1224,2015-06-25
1225,2014-07-20
1226,2014-07-09
1227,2014-04-28
1228,2012-10-09
1229,2023-05-30
1230,2015-07-22
1231,2013-11-14
1232,2014-04-22
1233,2015-08-02
1234,2014-07-09
1235,2014-07-09
1236,2015-08-16
1237,2015-02-25
1238,2014-07-20
1239,2015-08-29
1240,2014-10-18
1241,2013-09-07
1242,2013-02-20
1243,2013-11-23
1244,2015-12-23
1245,2015-12-26
1246,2015-05-28
1247,2022-05-13
1248,2015-05-28
1249,2015-05-28
1250,2015-05-28
1251,2014-05-01
1252,2012-12-18
1253,2016-03-23
1254,2016-01-11
1255,2013-04-28
1256,2016-03-29
1257,2012-01-24
1258,2012-11-22
1259,2016-04-30
1260,2016-05-03
1261,2016-06-04
1262,2016-03-29
1263,2015-05-28
1264,2015-05-28
1265,2016-06-27
1266,2015-11-26
1267,2013-01-05
1268,2015-05-28
1269,2015-08-17
1270,2015-05-28
1271,2015-05-28
1272,2015-05-28
1273,2015-05-28
1274,2015-05-28
1275,2015-05-28
1276,2015-05-28
1277,2015-05-28
1278,2013-04-28
1279,2015-05-28
1280,2023-05-25
1281,2015-05-28
1282,2016-05-17
1283,2015-05-28
1284,2015-05-28
1285,2015-05-28
1286,2013-11-14
1287,2015-05-28
1288,2015-05-28
1289,2015-05-28
1290,2015-05-28
1291,2015-05-28
1292,2015-05-28
1293,2015-05-28
1294,2015-05-28
1295,2015-05-28
1296,2015-05-28
1297,2014-05-01
1298,2015-06-14
1299,2016-08-28
1300,2016-03-23
1301,2012-11-26
1302,2014-05-12
1303,2016-12-01
1304,2015-06-17
1305,2015-06-14
1306,2016-12-24
1307,2012-11-26
1308,2011-09-07
1309,2014-09-20
1310,2015-06-14
1311,2017-01-09
1312,2015-08-05
1313,2015-01-14
1314,2015-06-10
1315,2016-10-17
1316,2016-05-03
1317,2017-02-08
1318,2017-03-13
1319,2017-03-28
1320,2016-10-16
1321,2013-06-19
1322,2023-05-25
1323,2017-05-03
1324,2017-05-18
1325,2016-04-11
1326,2014-04-30
1327,2015-08-18
1328,2017-07-05
1329,2012-07-05
1330,2014-08-16
1331,2015-06-17
1332,2017-07-31
1333,2012-09-01
1334,2023-05-25
1335,2017-08-19
1336,2016-08-15
1337,2015-09-20
1338,2017-10-30
1339,2015-05-14
1340,2017-12-30
1341,2016-02-17
1342,2016-02-17
1343,2016-02-17
1344,2017-08-06
1345,2017-08-06
1346,2018-01-14
1347,2018-01-14
1348,2015-10-09
1349,2018-01-23
1350,2017-11-23
1351,2014-04-22
1352,2015-08-03
1353,2016-02-17
1354,2015-06-24
1355,2012-02-17
1356,2015-05-28
1357,2023-05-25
1358,2015-11-09
1359,2015-06-04
1360,2015-06-04
1361,2015-06-04
1362,2015-04-06
1363,2013-04-03
1364,2018-03-22
1365,2018-04-02
1366,2018-04-05
1367,2023-05-25
1368,2015-06-04
1369,2017-05-15
1370,2014-12-31
1371,2015-05-28
1372,2018-04-14
1373,2014-01-19
1374,2018-04-23
1375,2015-02-06
1376,2017-10-30
1377,2015-10-18
1378,2018-05-23
1379,2014-08-12
1380,2016-04-26
1381,2018-05-23
1382,2018-06-04
1383,2018-05-23
1384,2013-04-03
1385,2016-01-02
1386,2017-10-31
1387,2013-09-29
1388,2016-10-08
1389,2018-06-25
1390,2018-07-05
1391,2015-03-17
1392,2015-03-17
1393,2016-04-23
1394,2015-06-14
1395,2018-07-17
1396,2014-08-29
1397,2018-07-26
1398,2017-10-24
1399,2017-07-29
1400,2015-12-25
1401,2018-02-22
1402,2015-12-01
1403,2015-05-29
1404,2018-07-30
1405,2012-10-20
1406,2018-09-25
1407,2018-11-16
1408,2015-03-26
1409,2015-01-06
1410,2018-12-14
1411,2016-01-05
1412,2018-12-25
1413,2015-08-12
1414,2016-09-21
1415,2017-04-17
1416,2012-11-16
1417,2018-08-08
1418,2018-05-23
1419,2019-01-22
1420,2018-05-23
1421,2018-05-23
1422,2018-05-23
1423,2018-05-23
1424,2018-05-23
1425,2018-05-23
1426,2018-05-23
1427,2017-07-03
1428,2017-10-11
1429,2019-02-02
1430,2012-08-02
1431,2015-11-26
1432,2019-02-09
1433,2013-10-27
1434,2019-02-16
1435,2016-06-13
1436,2018-08-10
1437,2015-06-27
1438,2014-02-02
1439,2015-08-06
1440,2016-11-08
1441,2014-07-23
1442,2016-02-08
1443,2019-04-01
1444,2019-01-10
1445,2019-04-24
1446,2014-03-23
1447,2017-10-30
1448,2019-05-02
1449,2014-08-12
1450,2014-11-09
1451,2019-05-21
1452,2014-08-12
1453,2014-11-09
1454,2017-05-02
1455,2016-11-07
1456,2017-01-22
1457,2023-05-25
1458,2019-05-28
1459,2019-05-28
1460,2019-05-28
1461,2019-05-28
1462,2019-05-28
1463,2019-06-16
1464,2019-06-16
1465,2019-06-16
1466,2019-06-16
1467,2019-06-16
1468,2015-02-06
1469,2019-06-16
1470,2016-04-23
1471,2019-06-22
1472,2018-06-05
1473,2017-01-22
1474,2019-06-29
1475,2014-08-12
1476,2015-08-15
1477,2014-08-12
1478,2022-06-22
1479,2022-06-22
1480,2014-11-09
1481,2015-03-04
1482,2016-07-12
1483,2022-06-26
1484,2015-12-27
1485,2016-05-17
1486,2019-08-02
1487,2022-05-11
1488,2015-05-28
1489,2022-06-30
1490,2022-04-05
1491,2022-06-23
1492,2022-07-05
1493,2015-09-18
1494,2019-05-02
1495,2015-08-27
1496,2021-08-03
1497,2019-12-27
1498,2012-06-03
1499,2021-03-17
1500,2022-07-12
1501,2019-05-02
1502,2021-11-15
1503,2017-06-12
1504,2016-09-20
1505,2020-08-04
1506,2015-10-18
1507,2014-11-09
1508,2019-05-12
1509,2019-05-22
1510,2015-09-03
1511,2021-01-13
1512,2015-02-13
1513,2015-08-15
1514,2022-07-25
1515,2022-04-13
1516,2022-04-13
1517,2015-11-26
1518,2022-05-23
1519,2015-09-11
1520,2022-03-09
1521,2022-03-09
1522,2016-05-05
1523,2022-08-08
1524,2022-08-08
1525,2017-08-07
1526,2014-08-12
1527,2022-08-16
1528,2015-01-27
1529,2022-08-19
1530,2018-07-30
1531,2017-01-31
1532,2017-01-31
1533,2022-04-05
1534,2022-09-02
1535,2017-09-12
1536,2017-03-25
1537,2015-10-25
1538,2015-11-25
1539,2022-09-12
1540,2014-08-12
1541,2023-02-10
1542,2014-08-12
1543,2023-05-23
1544,2012-08-28
1545,2023-06-03
1546,2013-06-24
1547,2022-09-21
1548,2021-07-28
1549,2017-09-28
1550,2022-04-05
1551,2022-09-26
1552,2022-09-21
1553,2022-09-27
1554,2022-09-21
1555,2022-09-21
1556,2022-09-21
1557,2013-10-14
1558,2022-04-05
1559,2018-07-21
1560,2022-04-05
1561,2022-04-05
1562,2017-09-09
1563,2022-09-14
1564,2022-09-14
1565,2018-03-29
1566,2022-04-05
1567,2014-08-12
1568,2022-10-08
1569,2019-08-05
1570,2022-08-19
1571,2022-04-05
1572,2022-04-05
1573,2013-10-27
1574,2017-01-31
1575,2017-09-05
1576,2022-10-19
1577,2016-02-01
1578,2018-06-05
1579,2015-05-28
1580,2016-01-17
1581,2022-05-13
1582,2013-10-01
1583,2019-07-23
1584,2014-09-03
1585,2018-11-22
1586,2017-08-09
1587,2017-09-12
1588,2018-07-30
1589,2017-08-15
1590,2021-11-29
1591,2015-03-04
1592,2021-10-16
1593,2015-09-30
1594,2018-08-08
1595,2022-04-05
1596,2022-04-05
1597,2022-04-05
1598,2022-09-21
1599,2021-05-13
1600,2020-08-28
1601,2015-05-15
1602,2019-01-15
1603,2022-11-22
1604,2021-07-23
1605,2019-01-15
1606,2014-08-12
1607,2022-11-24
1608,2022-11-24
1609,2022-11-24
1610,2021-10-07
1611,2013-05-07
1612,2022-12-01
1613,2015-08-06
1614,2014-08-12
1615,2014-11-26
1616,2021-11-17
1617,2022-12-10
1618,2019-06-21
1619,2022-04-05
1620,2022-12-10
1621,2022-09-21
1622,2013-09-22
1623,2014-05-08
1624,2015-06-19
1625,2015-03-04
1626,2015-10-16
1627,2022-12-27
1628,2013-11-14
1629,2015-08-24
1630,2016-02-21
1631,2018-07-30
1632,2018-07-14
1633,2022-09-12
1634,2023-01-10
1635,2023-01-08
1636,2023-06-05
1637,2019-08-05
1638,2023-01-23
1639,2015-08-19
1640,2014-05-29
1641,2014-08-12
1642,2015-09-03
1643,2023-02-08
1644,2015-09-03
1645,2023-01-18
1646,2017-08-15
1647,2015-09-03
1648,2015-09-03
1649,2015-09-03
1650,2015-06-01
1651,2021-07-28
1652,2019-10-07
1653,2021-09-06
1654,2016-09-30
1655,2023-03-01
1656,2020-12-05
1657,2019-07-23
1658,2023-03-09
1659,2019-01-03
1660,2018-05-20
1661,2016-01-17
1662,2022-04-29
1663,2014-05-21
1664,2013-09-29
1665,2015-06-17
1666,2023-02-17
1667,2017-08-20
1668,2023-03-20
1669,2023-03-20
1670,2023-03-20
1671,2023-03-14
1672,2023-03-22
1673,2023-06-19
1674,2018-01-14
1675,2015-02-18
1676,2018-04-16
1677,2019-08-12
1678,2015-11-24
1679,2012-05-07
1680,2016-09-24
1681,2015-02-22
1682,2023-10-25
1683,2014-04-28
1684,2022-04-05
1685,2014-04-17
1686,2022-02-19
1687,2018-05-04
1688,2023-10-25
1689,2022-10-10
1690,2018-01-07
1691,2015-02-06
1692,2020-11-13
1693,2022-09-21
1694,2024-06-03
1695,2015-04-29
1696,2012-03-24
1697,2015-05-21
1698,2023-04-11
1699,2024-10-17
1700,2021-01-26
1701,2014-08-12
1702,2016-10-14
1703,2012-01-24
1704,2014-11-13
1705,2020-11-16
1706,2016-08-22
1707,2019-03-10
1708,2017-05-03
1709,2019-05-22
1710,2023-07-31
1711,2017-06-24
1712,2017-06-24
1713,2022-10-17
1714,2019-08-12
1715,2016-07-16
1716,2016-08-01
1717,2016-08-01
1718,2015-07-27
1719,2019-12-01
1720,2013-06-10
1721,2015-03-20
1722,2023-08-13
1723,2016-01-05
1724,2023-08-15
1725,2023-08-15
1726,2017-09-12
1727,2022-10-04
1728,2019-12-21
1729,2022-05-13
1730,2014-02-13
1731,2020-03-14
1732,2022-08-19
1733,2023-08-26
1734,2023-09-02
1735,2023-09-02
1736,2021-11-29
1737,2023-09-02
1738,2023-09-02
1739,2023-09-02
1740,2023-09-02
1741,2017-07-21
1742,2018-03-02
1743,2013-08-08
1744,2019-08-12
1745,2013-08-25
1746,2021-08-22
1747,2023-03-20
1748,2023-04-19
1749,2021-12-09
1750,2023-09-19
1751,2016-12-15
1752,2022-06-13
1753,2015-02-01
1754,2022-09-02
1755,2016-08-31
1756,2023-09-27
1757,2014-12-01
1758,2023-02-26
1759,2017-05-11
1760,2019-10-07
1761,2019-10-07
1762,2023-10-12
1763,2016-11-06
1764,2016-11-06
1765,2016-11-06
1766,2016-11-06
1767,2016-11-06
1768,2021-12-09
1769,2014-08-12
1770,2018-08-02
1771,2023-10-19
1772,2023-03-26
1773,2023-10-19
1774,2016-11-06
1775,2016-04-03
1776,2013-09-22
1777,2023-10-23
1778,2023-10-23
1779,2023-10-25
1780,2023-10-25
1781,2023-10-25
1782,2023-10-25
1783,2023-10-25
1784,2023-10-25
1785,2023-10-25
1786,2022-09-02
1787,2011-04-11
1788,2023-11-03
1789,2018-01-02
1790,2019-08-02
1791,2013-10-27
1792,2016-06-20
1793,2016-06-20
1794,2016-06-20
1795,2023-11-19
1796,2014-06-05
1797,2023-11-21
1798,2023-11-22
1799,2019-01-03
1800,2015-03-04
1801,2021-07-23
1802,2019-03-30
1803,2022-12-10
1804,2013-08-07
1805,2021-11-29
1806,2023-08-01
1807,2019-08-02
1808,2023-12-09
1809,2023-12-09
1810,2016-07-18
1811,2022-01-25
1812,2023-12-11
1813,2023-12-11
1814,2021-10-01
1815,2018-03-20
1816,2014-06-16
1817,2023-12-19
1818,2022-05-26
1819,2023-12-20
1820,2021-04-26
1821,2018-07-17
1822,2018-07-21
1823,2018-07-21
1824,2016-11-06
1825,2016-08-01
1826,2020-08-24
1827,2015-10-27
1828,2023-02-15
1829,2017-07-16
1830,2017-07-07
1831,2021-10-01
1832,2021-06-09
1833,2015-06-15
1834,2023-06-01
1835,2022-11-28
1836,2015-02-06
1837,2015-02-06
1838,2015-08-30
1839,2014-05-31
1840,2015-10-18
1841,2015-03-04
1842,2024-01-30
1843,2021-12-28
1844,2018-01-02
1845,2014-03-09
1846,2023-05-22
1847,2016-01-06
1848,2021-12-23
1849,2016-07-30
1850,2024-02-09
1851,2014-12-01
1852,2024-02-12
1853,2018-07-30
1854,2023-02-15
1855,2024-02-14
1856,2022-01-30
1857,2022-06-22
1858,2015-02-06
1859,2024-02-16
1860,2015-05-19
1861,2017-06-05
1862,2023-07-18
1863,2024-02-16
1864,2013-06-06
1865,2024-02-16
1866,2024-02-16
1867,2020-07-02
1868,2019-08-12
1869,2019-01-15
1870,2015-05-28
1871,2023-02-20
1872,2013-09-17
1873,2024-02-27
1874,2023-02-15
1875,2015-03-10
1876,2011-07-01
1877,2023-06-19
1878,2024-02-27
1879,2016-04-03
1880,2024-02-27
1881,2024-02-27
1882,2024-02-27
1883,2024-02-27
1884,2024-02-27
1885,2024-02-27
1886,2024-02-27
1887,2024-02-27
1888,2018-01-14
1889,2023-02-26
1890,2018-05-23
1891,2016-09-16
1892,2022-05-09
1893,2022-06-13
1894,2019-09-16
1895,2016-05-21
1896,2015-06-16
1897,2015-03-04
1898,2024-03-25
1899,2019-06-01
1900,2020-07-20
1901,2016-11-06
1902,2016-11-06
1903,2016-11-06
1904,2015-08-16
1905,2024-03-29
1906,2020-06-25
1907,2017-12-27
1908,2015-04-29
1909,2016-12-05
1910,2020-10-03
1911,2015-09-02
1912,2020-08-05
1913,2024-04-10
1914,2014-08-12
1915,2024-04-11
1916,2013-06-15
1917,2013-06-15
1918,2019-06-16
1919,2017-11-28
1920,2017-04-11
1921,2016-05-23
1922,2012-08-08
1923,2024-02-29
1924,2019-06-16
1925,2015-06-19
1926,2015-06-19
1927,2022-12-22
1928,2022-05-12
1929,2022-12-29
1930,2024-05-05
1931,2019-09-27
1932,2019-09-27
1933,2024-05-06
1934,2024-05-09
1935,2019-09-16
1936,2022-12-29
1937,2024-03-06
1938,2022-12-29
1939,2022-12-29
1940,2024-05-09
1941,2017-10-11
1942,2024-03-01
1943,2023-09-02
1944,2013-04-20
1945,2024-05-15
1946,2018-07-21
1947,2024-05-06
1948,2024-05-17
1949,2019-06-13
1950,2017-04-04
1951,2022-01-13
1952,2024-05-20
1953,2023-02-15
1954,2018-04-04
1955,2018-04-04
1956,2020-08-05
1957,2016-08-07
1958,2012-07-11
1959,2024-05-28
1960,2015-08-15
1961,2024-05-28
1962,2020-08-05
1963,2024-06-03
1964,2024-06-03
1965,2024-06-05
1966,2015-02-14
1967,2016-06-27
1968,2014-03-22
1969,2015-05-28
1970,2024-06-10
1971,2019-08-12
1972,2019-08-12
1973,2019-08-12
1974,2018-11-15
1975,2016-11-06
1976,2015-05-28
1977,2015-06-19
1978,2024-06-13
1979,2015-03-04
1980,2015-03-04
1981,2016-11-06
1982,2013-04-20
1983,2023-06-01
1984,2015-04-29
1985,2015-04-29
1986,2015-04-29
1987,2024-04-22
1988,2015-04-29
1989,2015-04-29
1990,2015-04-29
1991,2015-04-29
1992,2015-04-29
1993,2015-04-29
1994,2015-04-29
1995,2015-04-29
1996,2015-04-29
1997,2015-04-29
1998,2015-04-29
1999,2015-04-29
2000,2015-04-29
2001,2015-04-29
2002,2021-12-25
2003,2023-06-01
2004,2024-06-24
2005,2018-08-15
2006,2016-01-30
2007,2024-06-27
2008,2019-10-07
2009,2023-09-18
2010,2023-09-18
2011,2023-01-08
2012,2015-05-28
2013,2020-06-05
2014,2018-06-29
2015,2015-08-23
2016,2018-03-11
2017,2024-07-12
2018,2019-05-15
2019,2019-05-15
2020,2015-09-14
2021,2024-06-24
2022,2023-09-18
2023,2021-07-28
2024,2024-07-23
2025,2016-10-22
2026,2014-09-23
2027,2022-10-22
2028,2021-07-29
2029,2022-04-04
2030,2024-07-28
2031,2021-11-29
2032,2024-06-24
2033,2024-07-04
2034,2024-07-30
2035,2024-07-30
2036,2018-06-05
2037,2024-07-08
2038,2023-09-18
2039,2021-04-26
2040,2014-07-11
2041,2024-02-11
2042,2016-01-30
2043,2015-10-12
2044,2024-06-17
2045,2019-09-16
2046,2019-07-24
2047,2015-09-22
2048,2015-01-15
2049,2022-09-16
2050,2022-04-13
2051,2013-03-22
2052,2018-06-20
2053,2019-12-21
2054,2018-03-13
2055,2024-08-20
2056,2024-08-20
2057,2024-08-20
2058,2024-08-20
2059,2020-08-23
2060,2022-10-12
2061,2016-08-04
2062,2020-06-25
2063,2022-07-28
2064,2016-03-06
2065,2015-05-22
2066,2021-04-26
2067,2022-03-07
2068,2023-02-15
2069,2023-07-18
2070,2024-07-20
2071,2018-07-30
2072,2024-07-12
2073,2023-09-03
2074,2019-02-12
2075,2017-05-19
2076,2019-05-15
2077,2015-05-24
2078,2013-07-03
2079,2019-08-12
2080,2019-08-12
2081,2019-08-12
2082,2021-12-25
2083,2014-08-12
2084,2024-06-27
2085,2023-09-26
2086,2019-10-31
2087,2019-10-31
2088,2023-01-08
2089,2016-02-15
2090,2020-08-04
2091,2020-08-04
2092,2020-08-04
2093,2020-08-04
2094,2012-01-09
2095,2022-10-17
2096,2016-06-19
2097,2018-03-20
2098,2016-12-18
2099,2014-12-15
2100,2020-08-23
2101,2024-08-26
2102,2016-12-18
2103,2016-11-06
2104,2016-04-28
2105,2024-10-05
2106,2019-09-20
2107,2019-09-20
2108,2019-09-20
2109,2019-09-20
2110,2019-09-20
2111,2019-09-20
2112,2019-09-20
2113,2019-09-20
2114,2016-10-23
2115,2019-12-23
2116,2020-06-25
2117,2014-07-01
2118,2016-05-24
2119,2023-06-18
2120,2015-03-04
2121,2016-02-15
2122,2023-02-15
2123,2024-11-01
2124,2024-11-03
2125,2020-08-23
2126,2020-08-23
2127,2019-08-12
2128,2015-07-14
2129,2016-11-09
2130,2021-07-28
2131,2016-02-23
2132,2015-11-09
2133,2016-02-15
2134,2021-04-26
2135,2015-07-14
2136,2015-07-14
2137,2015-07-14
2138,2015-07-14
2139,2015-03-23
2140,2019-12-21
2141,2017-07-27
2142,2015-07-14
2143,2015-07-14
2144,2015-09-02
2145,2015-07-14
2146,2015-07-14
2147,2019-12-21
2148,2015-07-14
2149,2019-12-21
2150,2015-07-14
2151,2015-07-14
2152,2023-07-05
2153,2023-07-03
2154,2013-01-05
2155,2014-08-12
2156,2023-07-06
2157,2022-09-02
2158,2022-09-02
2159,2019-12-21
2160,2019-12-21
2161,2019-12-21
2162,2023-07-10
2163,2018-09-01
2164,2023-07-11
2165,2022-06-09
2166,2022-09-21
2167,2018-03-31
2168,2023-07-19
2169,2023-07-19
2170,2023-07-19
2171,2021-02-28
2172,2023-07-19
2173,2015-07-09
2174,2015-06-19
2175,2022-04-05
2176,2014-07-15
2177,2016-02-15
2178,2019-12-02
2179,2013-04-28
2180,2015-06-19
2181,2016-12-02
2182,2017-10-31
2183,2023-07-19
2184,2023-10-08
2185,2017-05-28
2186,2020-02-18
2187,2015-05-28
2188,2024-08-20
2189,2015-06-19
2190,2016-10-08
2191,2018-07-30
2192,2022-10-14
2193,2015-04-03
2194,2023-03-21
2195,2018-04-18
2196,2015-11-08
2197,2015-03-04
2198,2015-05-27
2199,2020-08-23
2200,2013-06-06
2201,2023-10-25
2202,2015-05-29
2203,2016-02-04
2204,2018-08-10
2205,2014-04-09
2206,2015-02-07
2207,2015-11-28
2208,2016-11-06
2209,2017-04-11
2210,2017-10-23
2211,2015-09-03
2212,2017-09-29
2213,2014-08-12
2214,2023-01-17
2215,2014-05-01
2216,2018-12-17
2217,2013-01-05
2218,2015-06-19
2219,2020-08-04
2220,2015-02-04
2221,2013-03-07
2222,2017-10-30
2223,2018-08-09
2224,2020-09-04
2225,2016-02-17
2226,2013-11-14
2227,2018-06-07
2228,2021-04-26
2229,2014-08-12
2230,2017-07-16
2231,2019-07-23
2232,2017-02-13
2233,2017-04-11
2234,2018-09-30
2235,2018-01-23
2236,2019-12-21
2237,2013-05-03
2238,2018-11-15
2239,2019-04-01
2240,2016-04-23
2241,2021-11-29
2242,2023-02-01
2243,2020-11-19
2244,2013-09-27
2245,2016-01-06
2246,2015-08-05
2247,2014-02-28
2248,2023-10-12
2249,2024-02-27
2250,2016-06-27
2251,2024-02-27
2252,2014-07-23
2253,2020-07-11
2254,2017-09-12
2255,2023-02-15
2256,2015-05-28
2257,2021-09-30
2258,2015-02-15
2259,2023-02-15
2260,2013-06-06
2261,2015-04-29
2262,2017-08-11
2263,2016-02-04
2264,2014-04-20
2265,2015-06-28
2266,2012-02-17
2267,2023-02-15
2268,2015-11-15
2269,2022-06-22
2270,2017-11-20
2271,2021-04-24
2272,2016-01-17
2273,2023-02-15
2274,2019-07-25
2275,2016-11-06
2276,2015-09-20
2277,2018-07-30
2278,2019-11-03
2279,2014-09-15
2280,2023-10-25
2281,2023-10-25
2282,2024-05-25
2283,2016-02-04
2284,2018-11-22
2285,2022-09-13
2286,2014-08-12
2287,2016-07-07
2288,2018-07-30
2289,2014-06-16
2290,2014-06-16
2291,2013-02-10
2292,2018-01-05
2293,2016-01-21
2294,2017-08-18
2295,2021-10-07
2296,2014-07-29
2297,2015-03-31
2298,2017-11-28
2299,2016-04-20
2300,2018-08-10
2301,2018-08-10
2302,2015-08-18
2303,2023-02-01
2304,2011-07-29
2305,2020-01-01
2306,2024-08-01
2307,2019-05-12
2308,2023-03-18
2309,2011-07-22
2310,2016-06-14
2311,2017-03-08
2312,2023-02-01
2313,2023-05-31
2314,2020-08-24
2315,2019-11-27
2316,2023-06-12
